{
  "name": "Kebab",
  "lighting": "qmk_rgblight",
  "matrix": {
    "rows": 5,
    "cols": 15
  },
  "layouts": {
    "keymap": [
  [
    {
      "y": 0.1
    },
    "0,0\n\n\n\n\n\n\n\n\ne",
    "0,1\n\n\n\n\n\n\n\n\ne"
  ],
  [
    {
      "y": 0.04999999999999982,
      "x": 0.5
    },
    "2,0",
    {
      "x": 15.899999999999999
    },
    "0,14"
  ],
  [
    {
      "y": -0.95,
      "x": 3.75
    },
    "0,3",
    {
      "x": 8.399999999999999
    },
    "0,11"
  ],
  [
    {
      "y": -0.95,
      "x": 1.75
    },
    "0,1",
    "0,2",
    {
      "x": 10.399999999999999
    },
    "0,12",
    {
      "x": 1.7763568394002505e-15,
      "w": 2
    },
    "0,13"
  ],
  [
    {
      "y": -0.10000000000000009,
      "x": 0.25
    },
    "3,0",
    {
      "x": 16.4
    },
    "1,14"
  ],
  [
    {
      "y": -0.9499999999999997,
      "x": 12.9
    },
    "1,10"
  ],
  [
    {
      "y": -0.9500000000000002,
      "x": 1.5,
      "w": 1.5
    },
    "1,1",
    "1,2",
    {
      "x": 9.9
    },
    "1,11",
    "1,12",
    {
      "w": 1.5
    },
    "1,13"
  ],
  [
    {
      "y": -0.10000000000000009
    },
    "4,0",
    {
      "x": 16.9
    },
    "2,14"
  ],
  [
    {
      "y": -0.8999999999999999,
      "x": 1.25,
      "w": 1.25,
      "w2": 1.75
    },
    "2,1",
    {
      "x": 0.5
    },
    "2,2",
    {
      "x": 9.399999999999999
    },
    "2,11",
    "2,12",
    {
      "x": 1.7763568394002505e-15,
      "w": 2.25
    },
    "2,13"
  ],
  [
    {
      "x": 1,
      "w": 2.25
    },
    "3,1",
    "3,2",
    {
      "x": 8.850000000000001
    },
    "3,11",
    {
      "x": -1.7763568394002505e-15
    },
    "3,12",
    {
      "x": 1.7763568394002505e-15,
      "w": 1.75
    },
    "3,13"
  ],
  [
    {
      "y": -0.75,
      "x": 17.1
    },
    "3,14"
  ],
  [
    {
      "y": -0.25,
      "x": 1,
      "w": 1.25
    },
    "4,1"
  ],
  [
    {
      "y": -0.75,
      "x": 16.1
    },
    "4,12",
    {
      "x": 1
    },
    "4,14"
  ],
  [
    {
      "ry": 0.25,
      "y": 5.25,
      "x": 17.1
    },
    "4,13"
  ],
  [
    {
      "r": 12,
      "ry": 0,
      "y": 0.25,
      "x": 5.1
    },
    "0,4",
    "0,5",
    "0,6",
    "0,0"
  ],
  [
    {
      "x": 4.6
    },
    "1,3",
    "1,4",
    "1,5",
    "1,6"
  ],
  [
    {
      "x": 4.85
    },
    "2,3",
    "2,4",
    {
      "n": true
    },
    "2,5",
    "2,6"
  ],
  [
    {
      "x": 5.3
    },
    "3,3",
    "3,4",
    "3,5",
    "3,6"
  ],
  [
    {
      "x": 5.3,
      "w": 1.25
    },
    "4,2",
    {
      "w": 2
    },
    "4,5",
    {
      "w": 1.25
    },
    "4,6"
  ],
  [
    {
      "r": -12,
      "y": -1.4000000000000004,
      "x": 8.45
    },
    "0,7",
    "0,8",
    "0,9",
    "0,10"
  ],
  [
    {
      "x": 7.95
    },
    "1,0",
    "1,7",
    "1,8",
    "1,9"
  ],
  [
    {
      "x": 8.2
    },
    "2,7",
    {
      "n": true
    },
    "2,8",
    "2,9",
    "2,10"
  ],
  [
    {
      "x": 7.75
    },
    "3,7",
    "3,8",
    "3,9",
    "3,10"
  ],
  [
    {
      "x": 7.75,
      "w": 2.75
    },
    "4,8",
    {
      "w": 1.25
    },
    "4,10"
  ]
]
  }
}
